Workbook

Sheet Totals
A1: PlayerUnique | B1: Team | C1: total_expected_votes | E1: Round No | F1: Leader
A2: Daicos, Nick | B2: COLL | C2: =SUMIF(Predictions!$A$2:$A$10000,A2,Predictions!$F$2:$F$10000) -> 7.6322475 | E2: 0 | F2: Christian Petracca
A3: Bontempelli, Marcus | B3: WB | C3: =SUMIF(Predictions!$A$2:$A$10000,A3,Predictions!$F$2:$F$10000) -> 7.3998028 | E3: 1 | F3: Christian Petracca
A4: Smith, Bailey | B4: GEEL | C4: =SUMIF(Predictions!$A$2:$A$10000,A4,Predictions!$F$2:$F$10000) -> 7.0097488 | E4: 2 | F4: Marcus Bontempelli
A5: Heeney, Isaac | B5: SYD | C5: =SUMIF(Predictions!$A$2:$A$10000,A5,Predictions!$F$2:$F$10000) -> 5.8155266 | E5: 3 | F5: Nick Daicos
A6: Butters, Zak | B6: PORT | C6: =SUMIF(Predictions!$A$2:$A$10000,A6,Predictions!$F$2:$F$10000) -> 5.7947414 | E6: 4 | F6: Marcus Bontempelli
A7: Callaghan, Finn | B7: GWS | C7: =SUMIF(Predictions!$A$2:$A$10000,A7,Predictions!$F$2:$F$10000) -> 5.6062267 | E7: 5 | F7: Nick Daicos
A8: Kennedy, Matthew | B8: WB | C8: =SUMIF(Predictions!$A$2:$A$10000,A8,Predictions!$F$2:$F$10000) -> 5.599588 | E8: 6
A9: Gawn, Max | B9: MELB | C9: =SUMIF(Predictions!$A$2:$A$10000,A9,Predictions!$F$2:$F$10000) -> 5.4343607 | E9: 7
A10: Pickett, Kysaiah | B10: MELB | C10: =SUMIF(Predictions!$A$2:$A$10000,A10,Predictions!$F$2:$F$10000) -> 5.3858676 | E10: 8
A11: Serong, Caleb | B11: FREM | C11: =SUMIF(Predictions!$A$2:$A$10000,A11,Predictions!$F$2:$F$10000) -> 5.2699822 | E11: 9
A12: Neale, Lachie | B12: BRIS | C12: =SUMIF(Predictions!$A$2:$A$10000,A12,Predictions!$F$2:$F$10000) -> 5.201816 | E12: 10
A13: Holmes, Max | B13: GEEL | C13: =SUMIF(Predictions!$A$2:$A$10000,A13,Predictions!$F$2:$F$10000) -> 4.8494298 | E13: 11
A14: Petracca, Christian | B14: GC | C14: =SUMIF(Predictions!$A$2:$A$10000,A14,Predictions!$F$2:$F$10000) -> 4.5532937 | E14: 12
A15: Ashcroft, Will | B15: BRIS | C15: =SUMIF(Predictions!$A$2:$A$10000,A15,Predictions!$F$2:$F$10000) -> 4.5229814 | E15: 13
A16: Warner, Chad | B16: SYD | C16: =SUMIF(Predictions!$A$2:$A$10000,A16,Predictions!$F$2:$F$10000) -> 4.4676699 | E16: 14
A17: Davies-Uniacke, Luke | B17: NM | C17: =SUMIF(Predictions!$A$2:$A$10000,A17,Predictions!$F$2:$F$10000) -> 4.3774494 | E17: 15
A18: Newcombe, Jai | B18: HAW | C18: =SUMIF(Predictions!$A$2:$A$10000,A18,Predictions!$F$2:$F$10000) -> 4.2316312 | E18: 16
A19: Richards, Ed | B19: WB | C19: =SUMIF(Predictions!$A$2:$A$10000,A19,Predictions!$F$2:$F$10000) -> 4.1314812 | E19: 17
... A26: Reid, Harley | B26: WCE | C26: =SUMIF(Predictions!$A$2:$A$10000,A26,Predictions!$F$2:$F$10000) -> 3.4596715 | E26: 24
A27: Treacy, Josh | B27: FREM | C27: =SUMIF(Predictions!$A$2:$A$10000,A27,Predictions!$F$2:$F$10000) -> 3.3035488
A28: Miller, Touk | B28: GC | C28: =SUMIF(Predictions!$A$2:$A$10000,A28,Predictions!$F$2:$F$10000) -> 3.2990648
A29: Grundy, Brodie | B29: SYD | C29: =SUMIF(Predictions!$A$2:$A$10000,A29,Predictions!$F$2:$F$10000) -> 3.2399572
A30: Roberts, Archie | B30: ESS | C30: =SUMIF(Predictions!$A$2:$A$10000,A30,Predictions!$F$2:$F$10000) -> 2.9636833
A31: McInerney, Justin | B31: SYD | C31: =SUMIF(Predictions!$A$2:$A$10000,A31,Predictions!$F$2:$F$10000) -> 2.8774112
A32: Bolton, Shai | B32: FREM | C32: =SUMIF(Predictions!$A$2:$A$10000,A32,Predictions!$F$2:$F$10000) -> 2.8032223
A33: King, Ben | B33: GC | C33: =SUMIF(Predictions!$A$2:$A$10000,A33,Predictions!$F$2:$F$10000) -> 2.7341037
A34: Merrett, Zach | B34: ESS | C34: =SUMIF(Predictions!$A$2:$A$10000,A34,Predictions!$F$2:$F$10000) -> 2.5486945
A35: Liberatore, Tom | B35: WB | C35: =SUMIF(Predictions!$A$2:$A$10000,A35,Predictions!$F$2:$F$10000) -> 2.489485
A36: Cripps, Patrick | B36: CARL | C36: =SUMIF(Predictions!$A$2:$A$10000,A36,Predictions!$F$2:$F$10000) -> 2.4590943
A37: Daicos, Josh | B37: COLL | C37: =SUMIF(Predictions!$A$2:$A$10000,A37,Predictions!$F$2:$F$10000) -> 2.2422864
A38: Naughton, Aaron | B38: WB | C38: =SUMIF(Predictions!$A$2:$A$10000,A38,Predictions!$F$2:$F$10000) -> 2.1756973
... A529: Alger, Jasper | B529: RICH | C529: =SUMIF(Predictions!$A$2:$A$10000,A529,Predictions!$F$2:$F$10000) -> 6.2136416e-07

Sheet Predictions
A1: PlayerName | B1: class_0 | C1: class_1 | D1: class_2 | E1: class_3 | F1: expected_votes | G1: BrownlowVotes
A2: Amartey, Joel | B2: 0.9953515 | C2: 0.003786921 | D2: 0.000790467 | E2: 7.12e-05 | F2: 0.005581548 | G2: {=_xlfn.IFS(F2=MAX($F$2:$F$47),3,F2=LARGE($F$2:$F$47,2),2,F2=LARGE($F$2:$F$47,3),1,TRUE,0)} -> 0
A3: Bice, Riley | B3: 0.99047315 | C3: 0.005215582 | D3: 0.003645999 | E3: 0.000665209 | F3: 0.014503209 | G3: {=_xlfn.IFS(F3=MAX($F$2:$F$47),3,F3=LARGE($F$2:$F$47,2),2,F3=LARGE($F$2:$F$47,3),1,TRUE,0)} -> 0
A4: Blakey, Nick | B4: 0.9728314 | C4: 0.017849378 | D4: 0.005733345 | E4: 0.003585849 | F4: 0.040073614 | G4: {=_xlfn.IFS(F4=MAX($F$2:$F$47),3,F4=LARGE($F$2:$F$47,2),2,F4=LARGE($F$2:$F$47,3),1,TRUE,0)} -> 0
A5: Curnow, Charlie | B5: 0.9935277 | C5: 0.005624921 | D5: 0.000766863 | E5: 8.04e-05 | F5: 0.007399848 | G5: {=_xlfn.IFS(F5=MAX($F$2:$F$47),3,F5=LARGE($F$2:$F$47,2),2,F5=LARGE($F$2:$F$47,3),1,TRUE,0)} -> 0
A6: Grundy, Brodie | B6: 0.78598964 | C6: 0.08437949 | D6: 0.10419589 | E6: 0.02543502 | F6: 0.36907633 | G6: {=_xlfn.IFS(F6=MAX($F$2:$F$47),3,F6=LARGE($F$2:$F$47,2),2,F6=LARGE($F$2:$F$47,3),1,TRUE,0)} -> 0
A7: Gulden, Errol | B7: 0.9308427 | C7: 0.021934979 | D7: 0.030169887 | E7: 0.017052345 | F7: 0.13343179 | G7: {=_xlfn.IFS(F7=MAX($F$2:$F$47),3,F7=LARGE($F$2:$F$47,2),2,F7=LARGE($F$2:$F$47,3),1,TRUE,0)} -> 0
A8: Heeney, Isaac | B8: 0.4658464 | C8: 0.19325258 | D8: 0.21831878 | E8: 0.12258216 | F8: 0.99763662 | G8: {=_xlfn.IFS(F8=MAX($F$2:$F$47),3,F8=LARGE($F$2:$F$47,2),2,F8=LARGE($F$2:$F$47,3),1,TRUE,0)} -> 2
A9: Jordon, James | B9: 0.9990897 | C9: 0.000669719 | D9: 0.000238241 | E9: 2.35e-06 | F9: 0.001153261 | G9: {=_xlfn.IFS(F9=MAX($F$2:$F$47),3,F9=LARGE($F$2:$F$47,2),2,F9=LARGE($F$2:$F$47,3),1,TRUE,0)} -> 0
A10: Lloyd, Jake | B10: 0.9987288 | C10: 0.000608594 | D10: 0.000653217 | E10: 9.26e-06 | F10: 0.001942795 | G10: {=_xlfn.IFS(F10=MAX($F$2:$F$47),3,F10=LARGE($F$2:$F$47,2),2,F10=LARGE($F$2:$F$47,3),1,TRUE,0)} -> 0
A11: McCartin, Tom | B11: 0.99108404 | C11: 0.004680436 | D11: 0.003461521 | E11: 0.000773881 | F11: 0.01392512 | G11: {=_xlfn.IFS(F11=MAX($F$2:$F$47),3,F11=LARGE($F$2:$F$47,2),2,F11=LARGE($F$2:$F$47,3),1,TRUE,0)} -> 0
A12: McDonald, Logan | B12: 0.9996588 | C12: 0.000313097 | D12: 2.54e-05 | E12: 2.8e-06 | F12: 0.000372252 | G12: {=_xlfn.IFS(F12=MAX($F$2:$F$47),3,F12=LARGE($F$2:$F$47,2),2,F12=LARGE($F$2:$F$47,3),1,TRUE,0)} -> 0
A13: McInerney, Justin | B13: 0.25371358 | C13: 0.15141672 | D13: 0.20709908 | E13: 0.3877706 | F13: 1.7289267 | G13: {=_xlfn.IFS(F13=MAX($F$2:$F$47),3,F13=LARGE($F$2:$F$47,2),2,F13=LARGE($F$2:$F$47,3),1,TRUE,0)} -> 3
... A47: Young, Lewis | B47: 0.9980328 | C47: 0.001052615 | D47: 0.000865952 | E47: 4.87e-05 | F47: 0.002930652 | G47: {=_xlfn.IFS(F47=MAX($F$2:$F$47),3,F47=LARGE($F$2:$F$47,2),2,F47=LARGE($F$2:$F$47,3),1,TRUE,0)} -> 0
A48: Adams, Oscar | B48: 0.99925375 | C48: 0.000459425 | D48: 0.000281329 | E48: 5.48e-06 | F48: 0.001038517 | G48: {=_xlfn.IFS(F48=MAX($F$48:$F$93),3,F48=LARGE($F$48:$F$93,2),2,F48=LARGE($F$48:$F$93,3),1,TRUE,0)} -> 0
A49: Anderson, Noah | B49: 0.3136083 | C49: 0.2667842 | D49: 0.22233006 | E49: 0.19727755 | F49: 1.303277 | G49: {=_xlfn.IFS(F49=MAX($F$48:$F$93),3,F49=LARGE($F$48:$F$93,2),2,F49=LARGE($F$48:$F$93,3),1,TRUE,0)} -> 2
A50: Andrew, Mac | B50: 0.9219974 | C50: 0.045943733 | D50: 0.022953678 | E50: 0.009105192 | F50: 0.11916667 | G50: {=_xlfn.IFS(F50=MAX($F$48:$F$93),3,F50=LARGE($F$48:$F$93,2),2,F50=LARGE($F$48:$F$93,3),1,TRUE,0)} -> 0
A51: Clohesy, Sam | B51: 0.99846286 | C51: 0.000820192 | D51: 0.000699928 | E51: 1.7e-05 | F51: 0.002270975 | G51: {=_xlfn.IFS(F51=MAX($F$48:$F$93),3,F51=LARGE($F$48:$F$93,2),2,F51=LARGE($F$48:$F$93,3),1,TRUE,0)} -> 0
A52: Collins, Sam | B52: 0.97229916 | C52: 0.01576532 | D52: 0.007878657 | E52: 0.004056731 | F52: 0.043692827 | G52: {=_xlfn.IFS(F52=MAX($F$48:$F$93),3,F52=LARGE($F$48:$F$93,2),2,F52=LARGE($F$48:$F$93,3),1,TRUE,0)} -> 0
A53: Davies, Alex | B53: 0.9768198 | C53: 0.017726643 | D53: 0.004575338 | E53: 0.000878278 | F53: 0.029512152 | G53: {=_xlfn.IFS(F53=MAX($F$48:$F$93),3,F53=LARGE($F$48:$F$93,2),2,F53=LARGE($F$48:$F$93,3),1,TRUE,0)} -> 0
A54: Farrar, Jy | B54: 0.9999704 | C54: 2.8e-05 | D54: 1.59e-06 | E54: 4.33e-08 | F54: 3.12722e-05 | G54: {=_xlfn.IFS(F54=MAX($F$48:$F$93),3,F54=LARGE($F$48:$F$93,2),2,F54=LARGE($F$48:$F$93,3),1,TRUE,0)} -> 0
A55: Graham, Will | B55: 0.99966586 | C55: 0.000269472 | D55: 6.36e-05 | E55: 1.03e-06 | F55: 0.00039986 | G55: {=_xlfn.IFS(F55=MAX($F$48:$F$93),3,F55=LARGE($F$48:$F$93,2),2,F55=LARGE($F$48:$F$93,3),1,TRUE,0)} -> 0
A56: Humphrey, Bailey | B56: 0.7386751 | C56: 0.12890276 | D56: 0.10475964 | E56: 0.027662449 | F56: 0.42140939 | G56: {=_xlfn.IFS(F56=MAX($F$48:$F$93),3,F56=LARGE($F$48:$F$93,2),2,F56=LARGE($F$48:$F$93,3),1,TRUE,0)} -> 0
A57: Jeffrey, Joel | B57: 0.9846744 | C57: 0.010691373 | D57: 0.004182286 | E57: 0.000451854 | F57: 0.020411507 | G57: {=_xlfn.IFS(F57=MAX($F$48:$F$93),3,F57=LARGE($F$48:$F$93,2),2,F57=LARGE($F$48:$F$93,3),1,TRUE,0)} -> 0
A58: King, Ben | B58: 0.9450678 | C58: 0.04028355 | D58: 0.01341608 | E58: 0.001232431 | F58: 0.070813004 | G58: {=_xlfn.IFS(F58=MAX($F$48:$F$93),3,F58=LARGE($F$48:$F$93,2),2,F58=LARGE($F$48:$F$93,3),1,TRUE,0)} -> 0
A59: Lombard, Leo | B59: 0.9839322 | C59: 0.013663346 | D59: 0.002130357 | E59: 0.00027394 | F59: 0.018745881 | G59: {=_xlfn.IFS(F59=MAX($F$48:$F$93),3,F59=LARGE($F$48:$F$93,2),2,F59=LARGE($F$48:$F$93,3),1,TRUE,0)} -> 0
... A93: Worpel, James | B93: 0.99431705 | C93: 0.004677662 | D93: 0.000933565 | E93: 7.17e-05 | F93: 0.006759766 | G93: {=_xlfn.IFS(F93=MAX($F$48:$F$93),3,F93=LARGE($F$48:$F$93,2),2,F93=LARGE($F$48:$F$93,3),1,TRUE,0)} -> 0
A94: Angwin, Ryan | B94: 0.9992479 | C94: 0.000650764 | D94: 0.000100613 | E94: 7.6e-07 | F94: 0.00085427 | G94: {=_xlfn.IFS(F94=MAX($F$94:$F$139),3,F94=LARGE($F$94:$F$139,2),2,F94=LARGE($F$94:$F$139,3),1,TRUE,0)} -> 0
A95: Ash, Lachie | B95: 0.93500286 | C95: 0.047818217 | D95: 0.011962028 | E95: 0.005216939 | F95: 0.087393091 | G95: {=_xlfn.IFS(F95=MAX($F$94:$F$139),3,F95=LARGE($F$94:$F$139,2),2,F95=LARGE($F$94:$F$139,3),1,TRUE,0)} -> 0
A96: Briggs, Kieren | B96: 0.9874645 | C96: 0.007092735 | D96: 0.005085703 | E96: 0.000356988 | F96: 0.018335105 | G96: {=_xlfn.IFS(F96=MAX($F$94:$F$139),3,F96=LARGE($F$94:$F$139,2),2,F96=LARGE($F$94:$F$139,3),1,TRUE,0)} -> 0
A97: Brown, Callum | B97: 0.9997494 | C97: 0.000227598 | D97: 2.14e-05 | E97: 1.55e-06 | F97: 0.000275038 | G97: {=_xlfn.IFS(F97=MAX($F$94:$F$139),3,F97=LARGE($F$94:$F$139,2),2,F97=LARGE($F$94:$F$139,3),1,TRUE,0)} -> 0
A98: Buckley, Jack | B98: 0.99794394 | C98: 0.00111951 | D98: 0.000906935 | E98: 2.96e-05 | F98: 0.003022224 | G98: {=_xlfn.IFS(F98=MAX($F$94:$F$139),3,F98=LARGE($F$94:$F$139,2),2,F98=LARGE($F$94:$F$139,3),1,TRUE,0)} -> 0
A99: Callaghan, Finn | B99: 0.35896415 | C99: 0.27326125 | D99: 0.20282526 | E99: 0.16494934 | F99: 1.1737598 | G99: {=_xlfn.IFS(F99=MAX($F$94:$F$139),3,F99=LARGE($F$94:$F$139,2),2,F99=LARGE($F$94:$F$139,3),1,TRUE,0)} -> 1
A100: Coniglio, Stephen | B100: 0.8041849 | C100: 0.064248554 | D100: 0.066983305 | E100: 0.06458319 | F100: 0.39196473 | G100: {=_xlfn.IFS(F100=MAX($F$94:$F$139),3,F100=LARGE($F$94:$F$139,2),2,F100=LARGE($F$94:$F$139,3),1,TRUE,0)} -> 0
A101: Delana, Josaia | B101: 0.9999092 | C101: 7.86e-05 | D101: 1.15e-05 | E101: 4.23e-07 | F101: 0.000102924 | G101: {=_xlfn.IFS(F101=MAX($F$94:$F$139),3,F101=LARGE($F$94:$F$139,2),2,F101=LARGE($F$94:$F$139,3),1,TRUE,0)} -> 0
A102: Fonti, Joe | B102: 0.87104374 | C102: 0.06870745 | D102: 0.038386766 | E102: 0.021861989 | F102: 0.21106695 | G102: {=_xlfn.IFS(F102=MAX($F$94:$F$139),3,F102=LARGE($F$94:$F$139,2),2,F102=LARGE($F$94:$F$139,3),1,TRUE,0)} -> 0
A103: Gothard, Phoenix | B103: 0.99879 | C103: 0.001122604 | D103: 7.93e-05 | E103: 8.21e-06 | F103: 0.001305849 | G103: {=_xlfn.IFS(F103=MAX($F$94:$F$139),3,F103=LARGE($F$94:$F$139,2),2,F103=LARGE($F$94:$F$139,3),1,TRUE,0)} -> 0
A104: Greene, Toby | B104: 0.8778819 | C104: 0.052540638 | D104: 0.050338168 | E104: 0.019239178 | F104: 0.21093451 | G104: {=_xlfn.IFS(F104=MAX($F$94:$F$139),3,F104=LARGE($F$94:$F$139,2),2,F104=LARGE($F$94:$F$139,3),1,TRUE,0)} -> 0
A105: Gruzewski, Max | B105: 0.9989896 | C105: 0.000802786 | D105: 0.000197724 | E105: 9.87e-06 | F105: 0.001227851 | G105: {=_xlfn.IFS(F105=MAX($F$94:$F$139),3,F105=LARGE($F$94:$F$139,2),2,F105=LARGE($F$94:$F$139,3),1,TRUE,0)} -> 0
... A139: Weddle, Josh | B139: 0.99957544 | C139: 0.000226472 | D139: 0.000196731 | E139: 1.33e-06 | F139: 0.000623918 | G139: {=_xlfn.IFS(F139=MAX($F$94:$F$139),3,F139=LARGE($F$94:$F$139,2),2,F139=LARGE($F$94:$F$139,3),1,TRUE,0)} -> 0
A140: Allen, Oscar | B140: 0.9999464 | C140: 4.19e-05 | D140: 1.15e-05 | E140: 3.68e-08 | F140: 6.50478e-05 | G140: {=_xlfn.IFS(F140=MAX($F$140:$F$185),3,F140=LARGE($F$140:$F$185,2),2,F140=LARGE($F$140:$F$185,3),1,TRUE,0)} -> 0
A141: Andrews, Harris | B141: 0.98583454 | C141: 0.008775668 | D141: 0.004114589 | E141: 0.001275275 | F141: 0.020830671 | G141: {=_xlfn.IFS(F141=MAX($F$140:$F$185),3,F141=LARGE($F$140:$F$185,2),2,F141=LARGE($F$140:$F$185,3),1,TRUE,0)} -> 0
A142: Ashcroft, Levi | B142: 0.9998009 | C142: 0.000122186 | D142: 7.58e-05 | E142: 1.07e-06 | F142: 0.000277036 | G142: {=_xlfn.IFS(F142=MAX($F$140:$F$185),3,F142=LARGE($F$140:$F$185,2),2,F142=LARGE($F$140:$F$185,3),1,TRUE,0)} -> 0
A143: Ashcroft, Will | B143: 0.52608 | C143: 0.16551785 | D143: 0.157598 | E143: 0.1508041 | F143: 0.93312615 | G143: {=_xlfn.IFS(F143=MAX($F$140:$F$185),3,F143=LARGE($F$140:$F$185,2),2,F143=LARGE($F$140:$F$185,3),1,TRUE,0)} -> 0
A144: Bailey, Zac | B144: 0.9996977 | C144: 0.00023499 | D144: 6.56e-05 | E144: 1.81e-06 | F144: 0.000371595 | G144: {=_xlfn.IFS(F144=MAX($F$140:$F$185),3,F144=LARGE($F$140:$F$185,2),2,F144=LARGE($F$140:$F$185,3),1,TRUE,0)} -> 0
A145: Berry, Jarrod | B145: 0.99974847 | C145: 9.16e-05 | D145: 0.000153214 | E145: 6.66e-06 | F145: 0.000417995 | G145: {=_xlfn.IFS(F145=MAX($F$140:$F$185),3,F145=LARGE($F$140:$F$185,2),2,F145=LARGE($F$140:$F$185,3),1,TRUE,0)} -> 0
A146: Cameron, Charlie | B146: 0.81138337 | C146: 0.09764967 | D146: 0.047568414 | E146: 0.043398485 | F146: 0.32298195 | G146: {=_xlfn.IFS(F146=MAX($F$140:$F$185),3,F146=LARGE($F$140:$F$185,2),2,F146=LARGE($F$140:$F$185,3),1,TRUE,0)} -> 0
A147: Coleman, Keidean | B147: 0.99976134 | C147: 0.000176442 | D147: 5.99e-05 | E147: 2.25e-06 | F147: 0.000302966 | G147: {=_xlfn.IFS(F147=MAX($F$140:$F$185),3,F147=LARGE($F$140:$F$185,2),2,F147=LARGE($F$140:$F$185,3),1,TRUE,0)} -> 0
A148: Dunkley, Josh | B148: 0.99570954 | C148: 0.003062802 | D148: 0.001147289 | E148: 8.04e-05 | F148: 0.00559854 | G148: {=_xlfn.IFS(F148=MAX($F$140:$F$185),3,F148=LARGE($F$140:$F$185,2),2,F148=LARGE($F$140:$F$185,3),1,TRUE,0)} -> 0
A149: Fletcher, Jaspa | B149: 0.99842024 | C149: 0.000753276 | D149: 0.00077069 | E149: 5.57e-05 | F149: 0.002461722 | G149: {=_xlfn.IFS(F149=MAX($F$140:$F$185),3,F149=LARGE($F$140:$F$185,2),2,F149=LARGE($F$140:$F$185,3),1,TRUE,0)} -> 0
A150: Fort, Darcy | B150: 0.9986855 | C150: 0.000765424 | D150: 0.000514638 | E150: 3.44e-05 | F150: 0.001897974 | G150: {=_xlfn.IFS(F150=MAX($F$140:$F$185),3,F150=LARGE($F$140:$F$185,2),2,F150=LARGE($F$140:$F$185,3),1,TRUE,0)} -> 0
A151: Gallop, Ty | B151: 0.9997568 | C151: 0.0002356 | D151: 7.04e-06 | E151: 4.25e-07 | F151: 0.000250963 | G151: {=_xlfn.IFS(F151=MAX($F$140:$F$185),3,F151=LARGE($F$140:$F$185,2),2,F151=LARGE($F$140:$F$185,3),1,TRUE,0)} -> 0
... A185: Williams, Bailey | B185: 0.9625196 | C185: 0.012875317 | D185: 0.022885293 | E185: 0.001719881 | F185: 0.063805547 | G185: {=_xlfn.IFS(F185=MAX($F$140:$F$185),3,F185=LARGE($F$140:$F$185,2),2,F185=LARGE($F$140:$F$185,3),1,TRUE,0)} -> 0
A186: Boxshall, Hugh | B186: 0.99999577 | C186: 3.46e-06 | D186: 7.16e-07 | E186: 2.79e-09 | F186: 4.89882e-06 | G186: {=_xlfn.IFS(F186=MAX($F$186:$F$231),3,F186=LARGE($F$186:$F$231,2),2,F186=LARGE($F$186:$F$231,3),1,TRUE,0)} -> 0
A187: Caminiti, Anthony | B187: 0.999681 | C187: 0.000156318 | D187: 0.000160975 | E187: 1.63e-06 | F187: 0.000483162 | G187: {=_xlfn.IFS(F187=MAX($F$186:$F$231),3,F187=LARGE($F$186:$F$231,2),2,F187=LARGE($F$186:$F$231,3),1,TRUE,0)} -> 0
A188: Carroll, Jack | B188: 0.99996275 | C188: 2.09e-05 | D188: 1.62e-05 | E188: 1.37e-07 | F188: 5.36e-05 | G188: {=_xlfn.IFS(F188=MAX($F$186:$F$231),3,F188=LARGE($F$186:$F$231,2),2,F188=LARGE($F$186:$F$231,3),1,TRUE,0)} -> 0
A189: De Koning, Tom | B189: 0.9306525 | C189: 0.03457609 | D189: 0.02282117 | E189: 0.011950213 | F189: 0.11606907 | G189: {=_xlfn.IFS(F189=MAX($F$186:$F$231),3,F189=LARGE($F$186:$F$231,2),2,F189=LARGE($F$186:$F$231,3),1,TRUE,0)} -> 0
A190: Flanders, Sam | B190: 0.9727606 | C190: 0.016528612 | D190: 0.008496297 | E190: 0.002214425 | F190: 0.04016448 | G190: {=_xlfn.IFS(F190=MAX($F$186:$F$231),3,F190=LARGE($F$186:$F$231,2),2,F190=LARGE($F$186:$F$231,3),1,TRUE,0)} -> 0
A191: Garcia, Hugo | B191: 0.99025464 | C191: 0.007681992 | D191: 0.001913069 | E191: 0.000150289 | F191: 0.011958997 | G191: {=_xlfn.IFS(F191=MAX($F$186:$F$231),3,F191=LARGE($F$186:$F$231,2),2,F191=LARGE($F$186:$F$231,3),1,TRUE,0)} -> 0
A192: Hall, Max | B192: 0.9997493 | C192: 0.000209554 | D192: 3.96e-05 | E192: 1.71e-06 | F192: 0.000293797 | G192: {=_xlfn.IFS(F192=MAX($F$186:$F$231),3,F192=LARGE($F$186:$F$231,2),2,F192=LARGE($F$186:$F$231,3),1,TRUE,0)} -> 0
A193: Higgins, Jack | B193: 0.99977875 | C193: 0.000212202 | D193: 8.54e-06 | E193: 6.09e-07 | F193: 0.000231112 | G193: {=_xlfn.IFS(F193=MAX($F$186:$F$231),3,F193=LARGE($F$186:$F$231,2),2,F193=LARGE($F$186:$F$231,3),1,TRUE,0)} -> 0
A194: Hill, Bradley | B194: 0.99562925 | C194: 0.00336198 | D194: 0.000939517 | E194: 6.92e-05 | F194: 0.005448552 | G194: {=_xlfn.IFS(F194=MAX($F$186:$F$231),3,F194=LARGE($F$186:$F$231,2),2,F194=LARGE($F$186:$F$231,3),1,TRUE,0)} -> 0
A195: Macrae, Jack | B195: 0.9998238 | C195: 0.000142134 | D195: 3.32e-05 | E195: 6.79e-07 | F195: 0.000210577 | G195: {=_xlfn.IFS(F195=MAX($F$186:$F$231),3,F195=LARGE($F$186:$F$231,2),2,F195=LARGE($F$186:$F$231,3),1,TRUE,0)} -> 0
A196: Marshall, Rowan | B196: 0.9999649 | C196: 2.17e-05 | D196: 1.33e-05 | E196: 6.27e-08 | F196: 4.83571e-05 | G196: {=_xlfn.IFS(F196=MAX($F$186:$F$231),3,F196=LARGE($F$186:$F$231,2),2,F196=LARGE($F$186:$F$231,3),1,TRUE,0)} -> 0
A197: Owens, Mitch | B197: 0.9996185 | C197: 0.000347572 | D197: 3.2e-05 | E197: 1.89e-06 | F197: 0.000417264 | G197: {=_xlfn.IFS(F197=MAX($F$186:$F$231),3,F197=LARGE($F$186:$F$231,2),2,F197=LARGE($F$186:$F$231,3),1,TRUE,0)} -> 0
... A231: Steele, Roan | B231: 0.9996138 | C231: 0.000286512 | D231: 9.82e-05 | E231: 1.49e-06 | F231: 0.000487421 | G231: {=_xlfn.IFS(F231=MAX($F$186:$F$231),3,F231=LARGE($F$186:$F$231,2),2,F231=LARGE($F$186:$F$231,3),1,TRUE,0)} -> 0
A232: Ainsworth, Ben | B232: 0.9990079 | C232: 0.0009388744 | D232: 4.896565e-05 | E232: 4.221302e-06 | F232: =C232+2*D232+3*E232 -> 0.0010494696 | G232: {=_xlfn.IFS(F232=MAX($F$232:$F$277),3,F232=LARGE($F$232:$F$277,2),2,F232=LARGE($F$232:$F$277,3),1,TRUE,0)} -> 0
A233: Carroll, Matt | B233: 0.9965885 | C233: 0.001746546 | D233: 0.0016045086 | E233: 6.035916e-05 | F233: =C233+2*D233+3*E233 -> 0.0051366407 | G233: {=_xlfn.IFS(F233=MAX($F$232:$F$277),3,F233=LARGE($F$232:$F$277,2),2,F233=LARGE($F$232:$F$277,3),1,TRUE,0)} -> 0
A234: Chesser, Campbell | B234: 0.9998949 | C234: 5.8139307e-05 | D234: 4.655991e-05 | E234: 2.9180103e-07 | F234: =C234+2*D234+3*E234 -> 0.00015213453 | G234: {=_xlfn.IFS(F234=MAX($F$232:$F$277),3,F234=LARGE($F$232:$F$277,2),2,F234=LARGE($F$232:$F$277,3),1,TRUE,0)} -> 0
A235: Cowan, Lachlan | B235: 0.9998817 | C235: 6.464087e-05 | D235: 5.325505e-05 | E235: 3.3889893e-07 | F235: =C235+2*D235+3*E235 -> 0.00017216767 | G235: {=_xlfn.IFS(F235=MAX($F$232:$F$277),3,F235=LARGE($F$232:$F$277,2),2,F235=LARGE($F$232:$F$277,3),1,TRUE,0)} -> 0
A236: Cripps, Patrick | B236: 0.28395286 | C236: 0.137992 | D236: 0.2694341 | E236: 0.30862096 | F236: =C236+2*D236+3*E236 -> 1.6027231 | G236: {=_xlfn.IFS(F236=MAX($F$232:$F$277),3,F236=LARGE($F$232:$F$277,2),2,F236=LARGE($F$232:$F$277,3),1,TRUE,0)} -> 3
A237: Dean, Harry | B237: 0.999691 | C237: 0.00019760177 | D237: 0.00010982934 | E237: 1.564929e-06 | F237: =C237+2*D237+3*E237 -> 0.00042195523 | G237: {=_xlfn.IFS(F237=MAX($F$232:$F$277),3,F237=LARGE($F$232:$F$277,2),2,F237=LARGE($F$232:$F$277,3),1,TRUE,0)} -> 0
A238: Florent, Oliver | B238: 0.97907215 | C238: 0.015502218 | D238: 0.0048967754 | E238: 0.00052883534 | F238: =C238+2*D238+3*E238 -> 0.026882275 | G238: {=_xlfn.IFS(F238=MAX($F$232:$F$277),3,F238=LARGE($F$232:$F$277,2),2,F238=LARGE($F$232:$F$277,3),1,TRUE,0)} -> 0
A239: Fogarty, Lachie | B239: 0.999981 | C239: 1.708263e-05 | D239: 1.8744508e-06 | E239: 1.6406151e-08 | F239: =C239+2*D239+3*E239 -> 2.088075e-05 | G239: {=_xlfn.IFS(F239=MAX($F$232:$F$277),3,F239=LARGE($F$232:$F$277,2),2,F239=LARGE($F$232:$F$277,3),1,TRUE,0)} -> 0
A240: Hayward, Will | B240: 0.98467004 | C240: 0.009945351 | D240: 0.0037509724 | E240: 0.0016336759 | F240: =C240+2*D240+3*E240 -> 0.022348323 | G240: {=_xlfn.IFS(F240=MAX($F$232:$F$277),3,F240=LARGE($F$232:$F$277,2),2,F240=LARGE($F$232:$F$277,3),1,TRUE,0)} -> 0
A241: Hewett, George | B241: 0.8940266 | C241: 0.059330493 | D241: 0.029132877 | E241: 0.017510008 | F241: =C241+2*D241+3*E241 -> 0.17012627 | G241: {=_xlfn.IFS(F241=MAX($F$232:$F$277),3,F241=LARGE($F$232:$F$277,2),2,F241=LARGE($F$232:$F$277,3),1,TRUE,0)} -> 0
A242: Hollands, Elijah | B242: 0.999361 | C242: 0.00040290342 | D242: 0.0002309718 | E242: 5.1177494e-06 | F242: =C242+2*D242+3*E242 -> 0.00088020027 | G242: {=_xlfn.IFS(F242=MAX($F$232:$F$277),3,F242=LARGE($F$232:$F$277,2),2,F242=LARGE($F$232:$F$277,3),1,TRUE,0)} -> 0
A243: Hollands, Oliver | B243: 0.9995962 | C243: 0.0001929589 | D243: 0.00020979556 | E243: 1.1286104e-06 | F243: =C243+2*D243+3*E243 -> 0.00061593585 | G243: {=_xlfn.IFS(F243=MAX($F$232:$F$277),3,F243=LARGE($F$232:$F$277,2),2,F243=LARGE($F$232:$F$277,3),1,TRUE,0)} -> 0
... A277: Trezise, James | B277: 0.99996156 | C277: 2.649144e-05 | D277: 1.1827023e-05 | E277: 1.0722582e-07 | F277: =C277+2*D277+3*E277 -> 5.0467163e-05 | G277: {=_xlfn.IFS(F277=MAX($F$232:$F$277),3,F277=LARGE($F$232:$F$277,2),2,F277=LARGE($F$232:$F$277,3),1,TRUE,0)} -> 0
A278: Blakiston, Lachlan | B278: 0.99963003 | C278: 0.00023475998 | D278: 0.00013278684 | E278: 2.4554793e-06 | F278: =C278+2*D278+3*E278 -> 0.0005077001 | G278: {=_xlfn.IFS(F278=MAX($F$278:$F$323),3,F278=LARGE($F$278:$F$323,2),2,F278=LARGE($F$278:$F$323,3),1,TRUE,0)} -> 0
A279: Caddy, Nate | B279: 0.99986506 | C279: 0.00011720124 | D279: 1.7340582e-05 | E279: 5.3448014e-07 | F279: =C279+2*D279+3*E279 -> 0.00015348584 | G279: {=_xlfn.IFS(F279=MAX($F$278:$F$323),3,F279=LARGE($F$278:$F$323,2),2,F279=LARGE($F$278:$F$323,3),1,TRUE,0)} -> 0
A280: Caldwell, Jye | B280: 0.9997847 | C280: 0.00017459366 | D280: 3.9830513e-05 | E280: 9.263936e-07 | F280: =C280+2*D280+3*E280 -> 0.00025703387 | G280: {=_xlfn.IFS(F280=MAX($F$278:$F$323),3,F280=LARGE($F$278:$F$323,2),2,F280=LARGE($F$278:$F$323,3),1,TRUE,0)} -> 0
A281: Durham, Sam | B281: 0.948156 | C281: 0.034708094 | D281: 0.012360855 | E281: 0.0047749965 | F281: =C281+2*D281+3*E281 -> 0.073754793 | G281: {=_xlfn.IFS(F281=MAX($F$278:$F$323),3,F281=LARGE($F$278:$F$323,2),2,F281=LARGE($F$278:$F$323,3),1,TRUE,0)} -> 0
A282: Duursma, Xavier | B282: 0.9989205 | C282: 0.0008997549 | D282: 0.00017570263 | E282: 4.088654e-06 | F282: =C282+2*D282+3*E282 -> 0.0012634261 | G282: {=_xlfn.IFS(F282=MAX($F$278:$F$323),3,F282=LARGE($F$278:$F$323,2),2,F282=LARGE($F$278:$F$323,3),1,TRUE,0)} -> 0
A283: El Achkar, Hussien | B283: 0.99977636 | C283: 0.0002206968 | D283: 2.7866965e-06 | E283: 1.040103e-07 | F283: =C283+2*D283+3*E283 -> 0.00022658222 | G283: {=_xlfn.IFS(F283=MAX($F$278:$F$323),3,F283=LARGE($F$278:$F$323,2),2,F283=LARGE($F$278:$F$323,3),1,TRUE,0)} -> 0
A284: Fiorini, Brayden | B284: 0.99975634 | C284: 0.00014167724 | D284: 0.0001005454 | E284: 1.4486519e-06 | F284: =C284+2*D284+3*E284 -> 0.00034711399 | G284: {=_xlfn.IFS(F284=MAX($F$278:$F$323),3,F284=LARGE($F$278:$F$323,2),2,F284=LARGE($F$278:$F$323,3),1,TRUE,0)} -> 0
A285: Johnson, Zak | B285: 0.9998288 | C285: 8.1979146e-05 | D285: 8.8764515e-05 | E285: 5.05641e-07 | F285: =C285+2*D285+3*E285 -> 0.0002610251 | G285: {=_xlfn.IFS(F285=MAX($F$278:$F$323),3,F285=LARGE($F$278:$F$323,2),2,F285=LARGE($F$278:$F$323,3),1,TRUE,0)} -> 0
A286: Kondogiannis, Max | B286: 0.9999365 | C286: 3.2958433e-05 | D286: 3.0387353e-05 | E286: 9.2148724e-08 | F286: =C286+2*D286+3*E286 -> 9.4009585e-05 | G286: {=_xlfn.IFS(F286=MAX($F$278:$F$323),3,F286=LARGE($F$278:$F$323,2),2,F286=LARGE($F$278:$F$323,3),1,TRUE,0)} -> 0
A287: Langford, Kyle | B287: 0.999991 | C287: 8.688564e-06 | D287: 2.6941842e-07 | E287: 5.7623777e-09 | F287: =C287+2*D287+3*E287 -> 9.244688e-06 | G287: {=_xlfn.IFS(F287=MAX($F$278:$F$323),3,F287=LARGE($F$278:$F$323,2),2,F287=LARGE($F$278:$F$323,3),1,TRUE,0)} -> 0
A288: May, Archie | B288: 0.9999884 | C288: 1.1248066e-05 | D288: 3.8053852e-07 | E288: 1.2707513e-08 | F288: =C288+2*D288+3*E288 -> 1.2047266e-05 | G288: {=_xlfn.IFS(F288=MAX($F$278:$F$323),3,F288=LARGE($F$278:$F$323,2),2,F288=LARGE($F$278:$F$323,3),1,TRUE,0)} -> 0
A289: McGrath, Andrew | B289: 0.99964166 | C289: 0.00015780293 | D289: 0.00019933404 | E289: 1.220797e-06 | F289: =C289+2*D289+3*E289 -> 0.0005601334 | G289: {=_xlfn.IFS(F289=MAX($F$278:$F$323),3,F289=LARGE($F$278:$F$323,2),2,F289=LARGE($F$278:$F$323,3),1,TRUE,0)} -> 0
... A323: Weddle, Josh | B323: 0.9794421 | C323: 0.00994149 | D323: 0.008605115 | E323: 0.0020111867 | F323: =C323+2*D323+3*E323 -> 0.03318528 | G323: {=_xlfn.IFS(F323=MAX($F$278:$F$323),3,F323=LARGE($F$278:$F$323,2),2,F323=LARGE($F$278:$F$323,3),1,TRUE,0)} -> 0
A324: Baker, Oskar | B324: 0.99909365 | C324: 0.00050975225 | D324: 0.00039201372 | E324: 4.684875e-06 | F324: =C324+2*D324+3*E324 -> 0.0013078343 | G324: {=_xlfn.IFS(F324=MAX($F$324:$F$369),3,F324=LARGE($F$324:$F$369,2),2,F324=LARGE($F$324:$F$369,3),1,TRUE,0)} -> 0
A325: Bontempelli, Marcus | B325: 0.039843276 | C325: 0.08674362 | D325: 0.17887455 | E325: 0.6945386 | F325: =C325+2*D325+3*E325 -> 2.5281085 | G325: {=_xlfn.IFS(F325=MAX($F$324:$F$369),3,F325=LARGE($F$324:$F$369,2),2,F325=LARGE($F$324:$F$369,3),1,TRUE,0)} -> 3
A326: Bramble, Lachlan | B326: 0.99869597 | C326: 0.0009776171 | D326: 0.00031944402 | E326: 6.8742243e-06 | F326: =C326+2*D326+3*E326 -> 0.0016371278 | G326: {=_xlfn.IFS(F326=MAX($F$324:$F$369),3,F326=LARGE($F$324:$F$369,2),2,F326=LARGE($F$324:$F$369,3),1,TRUE,0)} -> 0
A327: Budarick, Connor | B327: 0.9737707 | C327: 0.016108941 | D327: 0.008734902 | E327: 0.0013855285 | F327: =C327+2*D327+3*E327 -> 0.03773533 | G327: {=_xlfn.IFS(F327=MAX($F$324:$F$369),3,F327=LARGE($F$324:$F$369,2),2,F327=LARGE($F$324:$F$369,3),1,TRUE,0)} -> 0
A328: Dale, Bailey | B328: 0.9935228 | C328: 0.0036429917 | D328: 0.0026772544 | E328: 0.00015683552 | F328: =C328+2*D328+3*E328 -> 0.0094680071 | G328: {=_xlfn.IFS(F328=MAX($F$324:$F$369),3,F328=LARGE($F$324:$F$369,2),2,F328=LARGE($F$324:$F$369,3),1,TRUE,0)} -> 0
A329: Darcy, Sam | B329: 0.7940359 | C329: 0.12260452 | D329: 0.057081547 | E329: 0.026278073 | F329: =C329+2*D329+3*E329 -> 0.31560183 | G329: {=_xlfn.IFS(F329=MAX($F$324:$F$369),3,F329=LARGE($F$324:$F$369,2),2,F329=LARGE($F$324:$F$369,3),1,TRUE,0)} -> 0
A330: Davidson, Sam | B330: 0.9981014 | C330: 0.0014112159 | D330: 0.00047381356 | E330: 1.3390219e-05 | F330: =C330+2*D330+3*E330 -> 0.0023990137 | G330: {=_xlfn.IFS(F330=MAX($F$324:$F$369),3,F330=LARGE($F$324:$F$369,2),2,F330=LARGE($F$324:$F$369,3),1,TRUE,0)} -> 0
A331: English, Tim | B331: 0.78121924 | C331: 0.046550605 | D331: 0.10979253 | E331: 0.062437605 | F331: =C331+2*D331+3*E331 -> 0.45344848 | G331: {=_xlfn.IFS(F331=MAX($F$324:$F$369),3,F331=LARGE($F$324:$F$369,2),2,F331=LARGE($F$324:$F$369,3),1,TRUE,0)} -> 0
...
